Organ,Year,Concentration
Brain,2016,3817.698797
Brain,2024,4855.911498
Placenta,2016,900.72834
Placenta,2024,1957.287653
Tonsil,2016,1023.388
Tonsil,2024,1692.834891
Kidney, 2016,402.492204
Kidney,2024,407.6172167
Liver,2016,103.706
Liver,2024,432.9478672
Lung,2016,872.38495
Lung,2024,1300.2920
Spleen,2016,109.6124
Spleen,2024,345.2376